game_id,team,distance_ft,made
S2223-G0827,SAC,5,1
S2223-G0827,HOU,9,0
S2223-G0827,HOU,3,1
S2223-G0827,HOU,2,1
S2223-G0827,SAC,9,1
S2223-G0827,HOU,8,0
S2223-G0827,SAC,4,0
S2223-G0827,SAC,0,0
S2223-G0827,SAC,0,1
S2223-G0827,SAC,5,0
S2223-G0827,HOU,2,1
S2223-G0827,HOU,4,0
S2223-G0827,HOU,3,1
S2223-G0827,SAC,26,0
S2223-G0827,HOU,2,0
S2223-G0827,SAC,26,0
S2223-G0827,HOU,26,1
S2223-G0827,SAC,7,1
S2223-G0827,HOU,12,1
S2223-G0827,SAC,25,0
S2223-G0827,HOU,2,1
S2223-G0827,SAC,0,1
S2223-G0827,HOU,6,0
S2223-G0827,SAC,26,0
S2223-G0827,HOU,4,1
S2223-G0827,SAC,18,1
S2223-G0827,HOU,17,1
S2223-G0827,HOU,3,1
S2223-G0827,SAC,26,1
S2223-G0827,SAC,27,1
S2223-G0827,HOU,16,1
S2223-G0827,SAC,4,0
S2223-G0827,HOU,4,1
S2223-G0827,SAC,3,1
S2223-G0827,HOU,8,0
S2223-G0827,HOU,7,0
S2223-G0827,HOU,26,1
S2223-G0827,SAC,25,0
S2223-G0827,HOU,25,1
S2223-G0827,SAC,13,0
S2223-G0827,HOU,4,1
S2223-G0827,SAC,26,0
S2223-G0827,HOU,4,0
S2223-G0827,SAC,1,1
S2223-G0827,HOU,11,0
S2223-G0827,HOU,7,0
S2223-G0827,SAC,13,0
S2223-G0827,HOU,3,0
S2223-G0827,SAC,4,0
S2223-G0827,SAC,19,1
S2223-G0827,HOU,3,0
S2223-G0827,HOU,29,0
S2223-G0827,SAC,5,0
S2223-G0827,SAC,2,1
S2223-G0827,HOU,7,0
S2223-G0827,HOU,0,0
S2223-G0827,HOU,0,1
S2223-G0827,HOU,4,0
S2223-G0827,HOU,2,0
S2223-G0827,SAC,0,0
S2223-G0827,HOU,6,0
S2223-G0827,HOU,4,1
S2223-G0827,SAC,26,0
S2223-G0827,SAC,8,0
S2223-G0827,HOU,27,0
S2223-G0827,HOU,6,0
S2223-G0827,SAC,0,0
S2223-G0827,HOU,8,1
S2223-G0827,SAC,6,1
S2223-G0827,HOU,5,1
S2223-G0827,SAC,2,1
S2223-G0827,HOU,9,0
S2223-G0827,SAC,4,0
S2223-G0827,HOU,4,1
S2223-G0827,SAC,12,1
S2223-G0827,SAC,11,1
S2223-G0827,HOU,27,0
S2223-G0827,SAC,3,1
S2223-G0827,HOU,4,0
S2223-G0827,SAC,8,1
S2223-G0827,HOU,27,0
S2223-G0827,SAC,27,1
S2223-G0827,HOU,4,1
S2223-G0827,SAC,24,0
S2223-G0827,HOU,27,1
S2223-G0827,SAC,4,1
S2223-G0827,HOU,4,0
S2223-G0827,SAC,24,0
S2223-G0827,SAC,6,0
S2223-G0827,SAC,26,0
S2223-G0827,SAC,26,0
S2223-G0827,HOU,4,1
S2223-G0827,SAC,24,0
S2223-G0827,HOU,27,1
S2223-G0827,SAC,4,1
S2223-G0827,HOU,4,0
S2223-G0827,SAC,5,1
S2223-G0827,HOU,26,1
S2223-G0827,SAC,10,0
S2223-G0827,SAC,28,0
S2223-G0827,HOU,2,1
S2223-G0827,HOU,1,1
S2223-G0827,SAC,4,1
S2223-G0827,SAC,27,1
S2223-G0827,SAC,7,1
S2223-G0827,HOU,3,1
S2223-G0827,SAC,4,1
S2223-G0827,HOU,3,1
S2223-G0827,SAC,4,1
S2223-G0827,HOU,2,1
S2223-G0827,HOU,0,0
S2223-G0827,HOU,3,1
S2223-G0827,SAC,28,1
S2223-G0827,HOU,25,1
S2223-G0827,SAC,4,1
S2223-G0827,SAC,3,1
S2223-G0827,HOU,10,1
S2223-G0827,SAC,3,1
S2223-G0827,SAC,26,1
S2223-G0827,HOU,8,0
S2223-G0827,HOU,1,1
S2223-G0827,SAC,0,0
S2223-G0827,SAC,4,0
S2223-G0827,HOU,24,0
S2223-G0827,SAC,28,0
S2223-G0827,HOU,3,1
S2223-G0827,SAC,4,1
S2223-G0827,HOU,24,1
S2223-G0827,SAC,26,1
S2223-G0827,SAC,3,1
S2223-G0827,HOU,3,0
S2223-G0827,HOU,0,0
S2223-G0827,HOU,0,1
S2223-G0827,SAC,24,0
S2223-G0827,HOU,3,1
S2223-G0827,HOU,3,1
S2223-G0827,SAC,6,1
S2223-G0827,SAC,18,1
S2223-G0827,HOU,26,0
S2223-G0827,SAC,10,1
S2223-G0827,SAC,7,0
S2223-G0827,HOU,26,0
S2223-G0827,SAC,26,0
S2223-G0827,SAC,3,0
S2223-G0827,HOU,25,0
S2223-G0827,SAC,12,0
S2223-G0827,HOU,3,1
S2223-G0827,SAC,5,1
S2223-G0827,HOU,2,1
S2223-G0827,SAC,6,1
S2223-G0827,SAC,26,1
S2223-G0827,HOU,0,1
S2223-G0827,SAC,12,0
S2223-G0827,HOU,3,1
S2223-G0827,SAC,6,1
S2223-G0827,HOU,27,1
S2223-G0827,SAC,28,0
S2223-G0827,HOU,9,1
S2223-G0827,SAC,16,0
S2223-G0827,HOU,3,1
S2223-G0827,SAC,5,0
S2223-G0827,SAC,2,1
S2223-G0827,SAC,12,1
S2223-G0827,HOU,11,0
S2223-G0827,SAC,4,0
S2223-G0827,SAC,5,0
S2223-G0827,SAC,0,0
S2223-G0827,SAC,1,0
S2223-G0827,HOU,41,0
S2223-G0124,BOS,3,1
S2223-G0124,CHI,24,1
S2223-G0124,BOS,11,0
S2223-G0124,CHI,5,1
S2223-G0124,BOS,9,1
S2223-G0124,CHI,28,0
S2223-G0124,BOS,1,1
S2223-G0124,CHI,9,0
S2223-G0124,BOS,28,0
S2223-G0124,CHI,3,1
S2223-G0124,BOS,15,0
S2223-G0124,CHI,22,1
S2223-G0124,BOS,22,1
S2223-G0124,CHI,17,0
S2223-G0124,BOS,4,0
S2223-G0124,CHI,3,0
S2223-G0124,BOS,3,1
S2223-G0124,CHI,15,0
S2223-G0124,CHI,28,1
S2223-G0124,BOS,24,1
S2223-G0124,CHI,14,0
S2223-G0124,BOS,7,0
S2223-G0124,CHI,29,1
S2223-G0124,BOS,8,0
S2223-G0124,CHI,28,1
S2223-G0124,CHI,6,1
S2223-G0124,BOS,27,0
S2223-G0124,BOS,26,1
S2223-G0124,CHI,15,1
S2223-G0124,BOS,4,1
S2223-G0124,CHI,20,1
S2223-G0124,CHI,20,1
S2223-G0124,BOS,5,0
S2223-G0124,BOS,3,0
S2223-G0124,BOS,4,1
S2223-G0124,CHI,26,0
S2223-G0124,CHI,10,0
S2223-G0124,CHI,20,1
S2223-G0124,BOS,25,0
S2223-G0124,CHI,31,0
S2223-G0124,CHI,27,0
S2223-G0124,BOS,13,1
S2223-G0124,CHI,15,0
S2223-G0124,BOS,25,1
S2223-G0124,CHI,25,1
S2223-G0124,BOS,4,1
S2223-G0124,CHI,10,0
S2223-G0124,BOS,27,1
S2223-G0124,CHI,22,1
S2223-G0124,BOS,4,1
S2223-G0124,CHI,24,0
S2223-G0124,CHI,25,0
S2223-G0124,BOS,3,0
S2223-G0124,CHI,25,1
S2223-G0124,BOS,27,0
S2223-G0124,CHI,2,1
S2223-G0124,BOS,3,1
S2223-G0124,CHI,12,0
S2223-G0124,BOS,27,1
S2223-G0124,CHI,21,0
S2223-G0124,BOS,2,1
S2223-G0124,CHI,16,1
S2223-G0124,BOS,25,0
S2223-G0124,CHI,13,1
S2223-G0124,BOS,18,1
S2223-G0124,CHI,20,1
S2223-G0124,BOS,10,0
S2223-G0124,BOS,8,1
S2223-G0124,CHI,17,0
S2223-G0124,BOS,5,1
S2223-G0124,BOS,10,1
S2223-G0124,CHI,18,1
S2223-G0124,BOS,4,0
S2223-G0124,BOS,2,1
S2223-G0124,CHI,20,0
S2223-G0124,CHI,2,0
S2223-G0124,CHI,1,1
S2223-G0124,CHI,26,0
S2223-G0124,BOS,24,1
S2223-G0124,CHI,30,0
S2223-G0124,BOS,77,0
S2223-G0124,CHI,19,0
S2223-G0124,BOS,4,1
S2223-G0124,BOS,2,0
S2223-G0124,BOS,24,0
S2223-G0124,CHI,5,1
S2223-G0124,BOS,0,0
S2223-G0124,CHI,29,0
S2223-G0124,BOS,26,0
S2223-G0124,CHI,15,1
S2223-G0124,BOS,3,1
S2223-G0124,CHI,8,0
S2223-G0124,CHI,25,0
S2223-G0124,BOS,24,0
S2223-G0124,BOS,20,0
S2223-G0124,CHI,11,0
S2223-G0124,BOS,0,1
S2223-G0124,CHI,3,1
S2223-G0124,CHI,10,1
S2223-G0124,BOS,30,0
S2223-G0124,BOS,24,0
S2223-G0124,BOS,2,1
S2223-G0124,CHI,3,1
S2223-G0124,CHI,25,1
S2223-G0124,CHI,24,1
S2223-G0124,BOS,2,0
S2223-G0124,CHI,24,0
S2223-G0124,CHI,27,1
S2223-G0124,BOS,2,0
S2223-G0124,CHI,0,0
S2223-G0124,BOS,2,0
S2223-G0124,CHI,7,1
S2223-G0124,BOS,11,0
S2223-G0124,BOS,14,1
S2223-G0124,BOS,1,1
S2223-G0124,CHI,3,1
S2223-G0124,BOS,6,0
S2223-G0124,BOS,14,1
S2223-G0124,CHI,27,0
S2223-G0124,BOS,30,0
S2223-G0124,BOS,1,1
S2223-G0124,CHI,3,1
S2223-G0124,CHI,27,0
S2223-G0124,BOS,8,1
S2223-G0124,CHI,4,0
S2223-G0124,BOS,25,0
S2223-G0124,BOS,0,0
S2223-G0124,BOS,24,1
S2223-G0124,CHI,6,0
S2223-G0124,CHI,10,0
S2223-G0124,BOS,24,0
S2223-G0124,CHI,28,0
S2223-G0124,BOS,25,0
S2223-G0124,BOS,25,0
S2223-G0124,BOS,15,0
S2223-G0124,BOS,2,1
S2223-G0124,CHI,4,1
S2223-G0124,BOS,27,1
S2223-G0124,CHI,4,1
S2223-G0124,BOS,5,1
S2223-G0124,CHI,16,1
S2223-G0124,CHI,4,1
S2223-G0124,CHI,22,0
S2223-G0124,CHI,15,1
S2223-G0124,BOS,17,1
S2223-G0124,CHI,19,0
S2223-G0124,CHI,28,1
S2223-G0124,BOS,26,0
S2223-G0124,BOS,5,1
S2223-G0124,CHI,11,1
S2223-G0124,BOS,17,0
S2223-G0124,BOS,6,1
S2223-G0124,CHI,26,1
S2223-G0124,BOS,26,0
S2223-G0124,BOS,25,1
S2223-G0124,BOS,26,1
S2223-G0124,BOS,25,0
S2223-G0124,CHI,10,0
S2223-G0124,CHI,27,0
S2223-G0124,CHI,6,1
